{
  "coupling": {
    "matched_p90": 260.67831268310545,
    "ratio": 7.809742530618412,
    "xarm6_p90": 2035.8305053710938
  },
  "wrist": {
    "matched_p90": 26.94183940887451,
    "ratio": 17.093716330542076,
    "xarm6_p90": 460.5361602783203
  }
}